image_filename,label_id,x,y,w,h,confidence
20090407.jpg,6,22.0,10.0,30.0,16.0,0.2628361938833482
201506302.jpg,1,7.0,13.0,44.0,28.0,0.7627392938273664
200811266.jpg,8,50.0,10.0,28.0,33.0,0.9236552366788237

